#### group_replication 无法打开

问题：修改 innodb_log_file_size 大小后，启动 group_replication 报以下错误

```
2019-05-17T14:19:37.750856+08:00 45368 [ERROR] Slave SQL for channel 'group_replication_recovery': Worker 1 failed executing transaction 'bbb7a0a4-698d-11e9-8672-000c29be2a23:50573218' at master log binlog.000079, end_log_pos 728688573; Could not execute Write_rows event on table sbtest.sbtest2; Duplicate entry '3261324' for key 'PRIMARY', Error_code: 1062; handler error HA_ERR_FOUND_DUPP_KEY; the event's master log FIRST, end_log_pos 728688573, Error_code: 1062
```

处理方法：重新创建该节点

#### 从节点 SQL 线程挂起

问题：延迟从节点 SQL 线程挂起，执行 "stop slave" 后报以下错误

```
2019-05-30T16:11:16.167351+08:00 2 [Warning] Slave SQL for channel '': Coordinator thread of multi-threaded slave is being stopped in the middle of assigning a group of events; deferring to exit until the group completion ... , Error_code: 0
2019-05-30T16:12:18.170057+08:00 2 [ERROR] Slave SQL for channel '': ... The slave coordinator and worker threads are stopped, possibly leaving data in inconsistent state. A restart should restore consistency automatically, although using non-transactional storage for data or info tables or DDL queries could lead to problems. In such cases you have to examine your data (see documentation for details). Error_code: 1756
```

处理方法：去除配置文件中的 slave-preserve-commit-order=1

#### 解决 MySQL 线程阻塞的问题

执行命令查看阻塞的线程

```
mysql> show engine innodb status\G
```

![1562046164333](assets/1562046164333.png)

```
mysql> kill 2325
```

#### 由于 left join on 的两个表的字段类型不一致导致查询慢，无法使用索引

查看慢日志发现一条 SQL 执行特别慢，将 SQL 直接在 mysql 客户端执行发现大量警告

```
  Level: Warning
   Code: 1292
Message: Truncated incorrect DOUBLE value: 
64 rows in set (0.00 sec)
```

使用 explain 查询执行计划，索引已经存在，却没有走索引查询

#### 已经设置了不区分大小写，但查询的时候还是区分大小写

现象: 关闭了大小写查询，仍然区分大小写

```
mysql> SELECT name FROM project_account WHERE name = 'QQ';
+------+
| name |
+------+
| QQ   |
+------+
1 row in set (0.01 sec)

mysql> SELECT name FROM project_account WHERE name = 'qq';
Empty set

mysql> show variables like '%lower%';
+------------------------+-------+
| Variable_name          | Value |
+------------------------+-------+
| lower_case_file_system | ON    |
| lower_case_table_names | 1     |
+------------------------+-------+
2 rows in set (0.02 sec)
```

分析: 查看表的创建命令，可以看到 name 列的 COLLATE utf8mb4_bin，而 COLLATE utf8mb4_bin 表示该列区分大小写

```
CREATE TABLE `project_account` (
  `id` int(11) NOT NULL AUTO_INCREMENT,
  `name` varchar(255) CHARACTER SET utf8mb4 COLLATE utf8mb4_bin NOT NULL,
  `username` varchar(200) CHARACTER SET utf8mb4 COLLATE utf8mb4_bin NOT NULL,
  `password` varchar(200) CHARACTER SET utf8mb4 COLLATE utf8mb4_bin NOT NULL,
  `addr` varchar(200) CHARACTER SET utf8mb4 COLLATE utf8mb4_bin DEFAULT NULL,
  `remark` varchar(255) CHARACTER SET utf8mb4 COLLATE utf8mb4_bin NOT NULL,
  `created` datetime(6) NOT NULL,
  PRIMARY KEY (`id`),
  UNIQUE KEY `use` (`name`)
) ENGINE=InnoDB AUTO_INCREMENT=72 DEFAULT CHARSET=utf8mb4 
```

 解决方法: utf8mb4_bin 改为 utf8mb4_general_ci